{
  "results": {
    "LinearRegression": {
      "rmse": 834711571.4271766,
      "mae": 148218229.56475294,
      "r2": -53.46498125174479
    },
    "RandomForest": {
      "rmse": 205225497.42805842,
      "mae": 15175519.248487238,
      "r2": -2.2923585417520167
    },
    "XGBoost": {
      "rmse": 2513477891.1403937,
      "mae": 49737936.91956587,
      "r2": -492.8495123609479
    }
  },
  "best": "RandomForest"
}